student_id,program_enrolled,year_enrolled,year_graduated,enrollment_status,GPA,attendance_rate,academic_warnings,course_completion_rate,age,gender,socioeconomic_status,financial_aid_status
1,Engineering,2020,2022.0,1,3.11,0.73,0,0.88,26,Male,Middle,No
2,Engineering,2015,2020.0,1,2.22,0.91,0,0.82,23,Male,High,Yes
3,Science,2016,,1,3.87,0.91,1,0.98,25,Female,Middle,Yes
4,Engineering,2017,2021.0,1,2.67,0.71,0,0.77,25,Male,Middle,No
5,Engineering,2015,2021.0,1,2.44,0.76,0,0.94,24,Male,High,Yes
6,Science,2018,2022.0,0,2.99,0.52,0,0.88,20,Other,Middle,Yes
7,Business,2017,2022.0,0,2.55,0.84,0,0.81,27,Other,Middle,Yes
8,Business,2018,2020.0,1,3.07,0.7,0,0.7,18,Male,Low,No
9,Engineering,2018,2022.0,0,2.7,0.72,0,0.83,22,Male,Middle,Yes
10,Engineering,2018,2020.0,1,2.26,0.94,0,0.78,27,Female,Middle,Yes
11,Science,2015,,1,2.53,0.73,0,0.73,27,Female,High,Yes
12,Science,2019,,1,2.88,0.51,0,0.72,19,Male,Middle,Yes
13,Business,2017,2021.0,0,2.06,0.61,0,0.8,29,Male,Low,Yes
14,Arts,2016,,0,3.54,0.74,0,0.88,27,Female,Middle,Yes
15,Engineering,2019,2021.0,1,3.24,0.71,0,0.95,19,Other,Low,Yes
16,Arts,2015,2020.0,1,3.2,0.93,0,0.76,24,Female,Middle,Yes
17,Arts,2018,,1,3.09,0.77,0,0.83,28,Male,Middle,Yes
18,Science,2016,2022.0,0,3.18,0.84,0,0.82,20,Male,Middle,Yes
19,Engineering,2017,2021.0,0,3.87,0.73,0,0.85,25,Female,High,Yes
20,Engineering,2019,2021.0,0,2.02,0.72,0,0.94,26,Male,Middle,Yes
21,Science,2020,2021.0,1,2.1,0.72,0,0.87,25,Male,Middle,Yes
22,Arts,2019,,0,2.38,0.71,0,0.95,23,Male,Low,Yes
23,Science,2016,2020.0,0,2.33,0.77,0,0.86,22,Female,Middle,No
24,Business,2015,2021.0,0,2.36,0.63,0,0.88,20,Female,High,Yes
25,Engineering,2017,2021.0,0,3.34,0.95,0,0.83,20,Female,Low,No
26,Business,2016,2021.0,1,2.92,0.67,0,0.95,24,Female,Middle,Yes
27,Science,2018,2021.0,1,3.98,0.57,0,0.98,22,Other,Middle,Yes
28,Engineering,2017,2020.0,0,2.45,0.55,0,0.89,29,Female,Low,No
29,Business,2019,2020.0,0,2.62,0.51,1,0.95,23,Male,Low,Yes
30,Business,2016,2020.0,0,3.97,0.71,0,0.72,23,Male,Low,Yes
31,Arts,2019,,0,3.66,0.59,1,0.97,26,Female,High,No
32,Engineering,2019,2020.0,0,2.94,0.51,1,0.76,18,Male,Middle,Yes
33,Business,2019,2022.0,1,3.11,0.76,0,0.78,25,Other,Middle,Yes
34,Business,2015,2022.0,0,3.69,0.84,0,0.72,27,Male,Middle,Yes
35,Arts,2019,,0,2.96,0.54,0,0.99,22,Male,Low,No
36,Business,2018,,0,2.41,0.73,0,0.96,23,Female,Middle,No
37,Business,2018,2020.0,1,3.66,0.87,0,0.97,23,Female,Low,Yes
38,Business,2017,2020.0,1,3.08,0.99,1,0.95,18,Female,Low,Yes
39,Arts,2020,2021.0,1,2.31,0.83,1,0.84,20,Female,High,No
40,Business,2019,2020.0,1,3.01,0.62,0,0.98,29,Male,Low,Yes
41,Business,2019,2022.0,1,2.83,0.86,0,0.99,23,Male,High,Yes
42,Engineering,2016,2022.0,0,3.75,0.8,0,0.85,28,Other,Middle,No
43,Engineering,2015,,1,2.25,0.61,1,0.75,28,Male,Low,Yes
44,Arts,2020,2020.0,0,3.75,0.93,1,0.9,26,Male,Middle,No
45,Science,2017,,1,3.02,0.71,1,0.99,23,Male,Middle,No
46,Engineering,2020,2020.0,1,2.81,0.98,0,0.96,29,Male,Middle,No
47,Arts,2019,2021.0,1,2.32,0.86,0,0.96,23,Female,Low,Yes
48,Business,2016,2021.0,1,3.4,0.82,0,0.98,18,Female,Low,Yes
49,Business,2015,2022.0,1,3.85,0.86,0,0.97,26,Female,High,Yes
50,Arts,2017,2021.0,1,2.75,0.74,1,0.93,21,Female,Middle,Yes
51,Business,2020,,1,2.48,0.75,1,0.92,19,Male,Low,Yes
52,Business,2017,,1,3.11,0.93,0,0.78,18,Female,High,Yes
53,Science,2019,,1,3.59,0.84,0,0.89,20,Male,Low,Yes
54,Business,2017,2020.0,1,2.01,0.95,0,0.86,20,Male,Low,Yes
55,Engineering,2016,,1,3.26,0.95,1,0.96,22,Male,Low,Yes
56,Business,2017,2022.0,0,3.19,0.99,0,0.85,18,Male,Middle,Yes
57,Arts,2018,2020.0,0,2.64,0.85,0,0.74,24,Female,Low,Yes
58,Science,2016,2020.0,1,2.9,0.75,0,0.7,18,Female,Middle,Yes
59,Business,2020,2020.0,1,2.49,0.58,0,0.9,21,Female,High,No
60,Arts,2015,2020.0,1,3.58,0.85,1,0.86,23,Female,Low,No
61,Engineering,2015,2021.0,1,3.27,0.65,0,0.8,18,Male,Middle,Yes
62,Business,2019,,1,3.07,0.64,0,0.75,24,Male,Middle,Yes
63,Science,2019,2021.0,0,2.79,0.62,0,0.84,27,Male,Middle,Yes
64,Business,2018,2021.0,0,2.58,0.94,0,0.73,24,Male,High,Yes
65,Arts,2020,,0,3.65,0.93,0,0.8,20,Male,Middle,Yes
66,Science,2015,2020.0,0,2.9,0.82,0,0.81,21,Male,Low,No
67,Business,2015,,1,3.0,0.74,0,0.84,23,Female,Middle,Yes
68,Engineering,2015,2021.0,1,3.04,0.84,1,0.84,28,Female,Low,No
69,Science,2015,2021.0,1,2.9,0.8,0,0.78,24,Female,Middle,Yes
70,Engineering,2017,2021.0,1,2.51,0.71,0,0.96,21,Female,Low,Yes
71,Arts,2020,2021.0,0,2.24,0.69,0,0.81,27,Female,Low,Yes
72,Business,2016,2020.0,0,2.2,0.69,0,0.77,28,Female,Middle,No
73,Engineering,2016,2022.0,1,3.51,0.79,0,0.75,26,Female,Low,Yes
74,Arts,2018,2020.0,0,2.45,0.82,1,0.8,26,Male,Middle,Yes
75,Business,2017,,0,2.11,0.73,0,0.72,26,Female,Low,No
76,Arts,2015,2021.0,1,3.6,0.98,0,0.71,29,Female,High,Yes
77,Engineering,2015,2020.0,0,2.31,0.54,0,0.88,27,Male,Low,Yes
78,Arts,2019,2022.0,1,3.25,0.67,0,0.89,23,Male,High,Yes
79,Science,2019,2020.0,0,2.68,0.71,0,0.86,19,Male,Middle,Yes
80,Business,2018,2022.0,0,2.25,0.51,0,0.93,19,Female,Middle,Yes
81,Arts,2015,,0,2.83,0.68,0,0.71,28,Female,Low,Yes
82,Engineering,2018,2022.0,0,2.03,0.64,0,0.98,21,Male,Middle,Yes
83,Business,2017,2020.0,1,3.68,0.75,0,0.73,26,Male,Middle,Yes
84,Science,2016,2021.0,1,3.03,0.67,0,0.9,20,Other,Middle,No
85,Business,2015,2022.0,1,2.28,0.86,0,0.74,23,Male,Middle,No
86,Science,2020,,1,2.47,0.75,0,0.96,19,Male,Middle,Yes
87,Business,2017,2020.0,0,2.9,0.56,0,0.85,18,Male,Middle,Yes
88,Arts,2015,2021.0,1,2.38,0.88,1,0.72,29,Female,Low,Yes
89,Arts,2020,2021.0,0,2.54,0.55,0,0.89,22,Female,Low,Yes
90,Engineering,2019,2020.0,0,3.07,0.92,0,0.7,25,Male,Middle,Yes
91,Science,2018,2021.0,1,3.67,0.97,0,0.93,27,Other,Low,Yes
92,Engineering,2019,2021.0,1,2.8,0.66,1,0.9,27,Female,Low,No
93,Arts,2016,,1,3.43,0.96,1,0.76,19,Male,Low,Yes
94,Science,2019,,0,3.75,0.9,0,0.81,27,Female,Low,No
95,Engineering,2015,2022.0,0,2.43,0.96,0,0.7,26,Male,Middle,Yes
96,Engineering,2020,2021.0,1,3.61,0.83,1,0.91,29,Female,Middle,Yes
97,Engineering,2019,2020.0,0,3.51,0.62,0,0.8,25,Male,High,Yes
98,Engineering,2015,,0,2.71,0.95,0,0.87,20,Female,Middle,Yes
99,Engineering,2016,,0,3.98,0.59,1,0.99,18,Male,High,Yes
100,Science,2020,,0,2.53,0.61,0,0.79,21,Female,Middle,Yes
101,Engineering,2019,2022.0,0,2.51,0.64,0,1.0,25,Male,High,No
102,Science,2018,2021.0,1,3.54,0.65,1,0.89,20,Female,High,Yes
103,Engineering,2018,,1,2.87,0.76,0,0.77,27,Male,Middle,Yes
104,Arts,2020,2021.0,1,2.66,0.86,0,0.83,29,Other,Middle,No
105,Arts,2018,2021.0,0,2.36,0.96,0,0.92,19,Female,Low,No
106,Engineering,2019,2022.0,0,3.53,0.54,0,0.83,24,Male,Low,No
107,Business,2019,2020.0,1,3.57,0.98,0,0.72,21,Other,High,Yes
108,Arts,2020,2020.0,1,3.13,0.96,0,0.75,23,Male,High,Yes
109,Science,2019,2021.0,1,3.91,0.53,0,0.94,22,Female,Middle,Yes
110,Engineering,2015,2021.0,1,2.64,0.68,1,0.89,19,Female,High,Yes
111,Science,2016,,0,2.44,0.91,0,0.87,27,Male,High,Yes
112,Business,2018,2020.0,1,3.35,0.81,1,0.75,19,Other,Middle,Yes
113,Engineering,2015,2020.0,1,3.52,0.89,1,0.95,26,Male,Middle,No
114,Arts,2020,2020.0,0,2.45,0.86,0,0.99,28,Male,Middle,No
115,Science,2018,2020.0,1,2.15,0.75,0,0.71,27,Female,Middle,Yes
116,Arts,2015,2020.0,1,3.62,0.52,1,0.72,19,Female,Low,Yes
117,Arts,2019,2022.0,0,3.95,0.79,0,0.97,25,Male,Middle,Yes
118,Engineering,2020,2021.0,0,3.29,0.52,0,0.94,25,Male,Middle,Yes
119,Science,2020,2022.0,0,2.56,0.8,0,0.89,18,Female,Middle,Yes
120,Business,2018,,1,3.99,0.9,1,0.98,18,Male,High,No
121,Arts,2019,2022.0,0,3.79,0.79,0,0.89,21,Other,Middle,Yes
122,Engineering,2018,2020.0,0,3.03,1.0,0,0.76,19,Female,Low,Yes
123,Engineering,2017,2020.0,0,3.65,0.73,0,0.92,29,Male,High,Yes
124,Business,2015,,1,3.63,0.87,1,0.89,18,Male,Middle,No
125,Engineering,2017,2021.0,1,3.87,0.83,0,1.0,26,Female,Low,No
126,Arts,2015,,1,3.68,1.0,0,0.76,20,Male,Middle,No
127,Engineering,2016,,0,3.29,0.86,0,0.88,18,Female,Middle,Yes
128,Science,2020,,1,3.22,0.58,0,0.93,19,Other,High,Yes
129,Science,2018,,1,2.93,0.98,0,0.8,25,Female,Middle,Yes
130,Arts,2016,2021.0,1,3.25,0.83,0,0.81,22,Male,Low,Yes
131,Science,2016,2021.0,1,3.59,0.53,0,0.97,28,Male,Middle,No
132,Business,2020,,1,3.94,0.83,1,0.82,24,Female,High,Yes
133,Engineering,2020,2021.0,1,2.93,0.94,0,0.89,23,Female,Middle,Yes
134,Arts,2015,2020.0,0,3.15,0.79,0,0.97,18,Female,High,Yes
135,Business,2017,2022.0,1,2.89,0.68,1,0.76,23,Male,Low,Yes
136,Engineering,2019,2021.0,1,3.34,0.91,0,0.99,28,Female,High,Yes
137,Business,2015,,1,3.26,0.89,0,0.91,24,Male,Middle,Yes
138,Arts,2019,2022.0,1,2.04,0.77,1,0.85,21,Female,Middle,Yes
139,Arts,2016,2021.0,1,3.08,0.58,0,0.83,25,Female,Middle,Yes
140,Business,2019,,0,2.18,0.63,0,0.99,25,Female,High,No
141,Engineering,2017,,0,2.05,0.87,0,0.76,24,Male,Middle,Yes
142,Science,2015,2022.0,1,3.58,0.9,0,0.79,28,Female,High,Yes
143,Science,2020,2020.0,1,2.52,0.64,0,0.79,19,Male,Middle,Yes
144,Business,2017,2021.0,0,2.68,0.68,1,0.79,23,Female,Low,No
145,Arts,2017,2022.0,0,2.13,0.54,0,0.84,23,Male,Middle,No
146,Engineering,2015,2020.0,1,2.36,0.86,0,1.0,29,Male,Middle,Yes
147,Engineering,2020,2020.0,1,3.53,0.5,0,0.97,29,Male,Middle,Yes
148,Arts,2017,2022.0,1,2.99,0.52,1,0.8,24,Female,Middle,No
149,Science,2020,2021.0,1,3.76,0.5,1,0.83,23,Female,Middle,No
150,Engineering,2018,2021.0,1,2.79,0.82,0,0.9,19,Female,High,Yes
151,Business,2018,2020.0,1,2.54,0.71,1,0.71,25,Female,Low,Yes
152,Science,2018,2021.0,1,2.7,0.65,1,0.95,21,Female,Middle,Yes
153,Business,2019,2022.0,1,3.43,0.96,0,0.96,26,Male,High,No
154,Science,2017,2020.0,1,3.11,0.6,0,0.96,25,Female,Middle,Yes
155,Arts,2015,2020.0,1,3.81,0.69,0,0.81,20,Female,Middle,Yes
156,Business,2015,2022.0,1,3.2,0.97,1,0.84,20,Male,Middle,Yes
157,Business,2019,,0,2.99,0.71,1,0.7,25,Male,Middle,Yes
158,Arts,2015,2022.0,0,3.57,0.78,0,0.82,19,Male,Low,No
159,Business,2018,2020.0,0,3.9,0.54,0,0.84,26,Male,Middle,No
160,Science,2017,2021.0,0,2.71,0.9,0,0.97,21,Male,High,Yes
161,Engineering,2015,,0,2.5,0.71,1,0.97,23,Male,Middle,No
162,Engineering,2015,2020.0,0,3.23,0.9,1,0.99,20,Female,Low,Yes
163,Arts,2016,2022.0,0,3.0,0.63,0,0.97,20,Male,Middle,No
164,Science,2016,2021.0,1,3.98,0.71,0,0.7,20,Male,Middle,No
165,Business,2016,2020.0,1,2.92,0.89,0,0.89,28,Other,Low,No
166,Business,2017,,0,2.15,0.99,1,0.72,27,Female,High,No
167,Engineering,2018,2022.0,1,3.95,0.53,0,0.78,29,Male,Low,Yes
168,Business,2020,2022.0,1,3.69,0.91,0,0.87,29,Female,High,No
169,Engineering,2018,2020.0,1,2.36,0.65,1,0.91,19,Male,Middle,Yes
170,Arts,2018,2020.0,1,3.81,0.78,0,0.9,25,Male,Middle,Yes
171,Business,2017,2021.0,0,2.68,0.65,1,0.71,26,Male,Middle,Yes
172,Science,2017,2021.0,0,2.75,0.81,0,0.73,25,Other,Low,Yes
173,Business,2016,2020.0,1,3.81,0.68,0,0.74,27,Female,Middle,No
174,Engineering,2015,2020.0,0,3.06,0.67,1,0.73,20,Female,High,Yes
175,Arts,2019,2020.0,1,2.28,0.52,0,0.75,24,Other,Middle,No
176,Engineering,2019,,0,2.74,0.57,0,0.91,28,Other,Middle,No
177,Business,2020,2022.0,0,3.44,0.96,0,0.95,27,Female,High,No
178,Engineering,2015,,0,2.35,1.0,0,0.82,19,Female,Low,Yes
179,Engineering,2020,2020.0,0,3.18,0.89,0,0.91,21,Male,Low,Yes
180,Arts,2016,,1,3.39,0.64,1,0.76,29,Male,Low,Yes
181,Science,2020,2020.0,1,2.69,0.7,1,0.99,23,Female,Middle,Yes
182,Business,2015,2021.0,0,3.39,0.87,1,0.8,28,Female,High,No
183,Arts,2015,,0,3.77,0.98,0,0.95,22,Other,Middle,No
184,Science,2019,2021.0,0,2.94,0.73,1,0.98,26,Male,High,Yes
185,Engineering,2016,2021.0,0,2.77,0.91,1,0.96,27,Female,Middle,No
186,Science,2017,2020.0,1,2.5,0.99,0,0.72,21,Female,Middle,Yes
187,Engineering,2020,2020.0,0,3.21,0.94,0,0.9,22,Male,Low,Yes
188,Engineering,2019,2022.0,1,3.76,0.61,0,0.74,21,Female,High,Yes
189,Arts,2020,2022.0,1,2.65,0.5,1,0.7,25,Female,Low,Yes
190,Engineering,2020,2022.0,0,2.79,0.75,0,0.72,25,Female,Middle,No
191,Arts,2017,2021.0,1,2.81,0.77,1,0.97,20,Female,Middle,No
192,Science,2016,2022.0,1,3.12,0.6,0,0.97,18,Male,Low,No
193,Science,2015,2020.0,1,2.46,0.64,1,0.77,23,Female,Middle,Yes
194,Engineering,2018,2020.0,1,3.64,0.88,0,0.86,19,Female,Low,Yes
195,Arts,2020,,1,2.59,0.74,0,0.99,19,Female,High,Yes
196,Engineering,2018,2020.0,1,3.41,0.66,0,0.85,20,Female,Middle,No
197,Arts,2016,2022.0,0,3.03,0.81,0,0.82,25,Male,Middle,Yes
198,Arts,2018,2020.0,1,3.17,0.83,1,0.84,20,Male,Middle,Yes
199,Arts,2020,2022.0,1,2.36,0.88,1,0.94,24,Male,Middle,No
200,Science,2017,2022.0,1,3.47,0.58,0,0.84,27,Male,High,No
201,Arts,2018,2020.0,1,2.38,0.87,0,0.93,27,Female,Low,No
202,Science,2016,2020.0,1,2.23,0.8,0,0.83,26,Female,Low,No
203,Arts,2016,2022.0,0,3.09,0.53,0,0.78,25,Male,Low,Yes
204,Science,2017,2021.0,0,3.42,0.89,0,0.8,18,Male,High,Yes
205,Business,2018,2020.0,1,2.1,0.69,1,0.72,24,Male,High,Yes
206,Science,2018,2022.0,1,2.14,0.67,1,0.85,24,Male,Middle,Yes
207,Science,2015,2020.0,1,3.61,0.72,0,0.74,25,Female,Middle,Yes
208,Engineering,2019,,1,3.62,0.67,0,0.94,27,Female,Low,Yes
209,Arts,2016,2021.0,1,2.49,0.67,0,0.83,22,Female,Low,No
210,Business,2015,2020.0,1,3.23,0.9,0,0.93,27,Male,Middle,Yes
211,Engineering,2016,2022.0,0,2.89,0.56,0,0.99,26,Other,Low,Yes
212,Arts,2015,2021.0,1,3.27,0.99,0,0.95,26,Male,Middle,No
213,Business,2019,2020.0,1,3.73,0.78,0,0.99,25,Female,Middle,Yes
214,Business,2015,2021.0,1,2.16,0.59,0,0.87,23,Female,Middle,No
215,Business,2016,2020.0,1,3.56,0.57,0,0.75,23,Female,Middle,No
216,Arts,2018,2020.0,1,2.99,0.8,0,0.98,18,Male,Middle,No
217,Business,2016,2020.0,0,3.13,0.82,0,0.96,23,Male,Middle,Yes
218,Business,2020,2021.0,0,3.31,0.53,1,0.96,21,Female,Low,No
219,Engineering,2017,2020.0,1,3.85,0.62,1,0.91,21,Male,Middle,Yes
220,Science,2017,2022.0,0,2.11,0.9,1,0.89,19,Male,Low,No
221,Arts,2020,2022.0,0,2.06,0.52,0,0.7,28,Female,Low,Yes
222,Science,2017,2021.0,0,2.36,0.93,0,0.92,21,Female,Middle,Yes
223,Engineering,2017,2022.0,1,3.97,0.83,0,0.73,22,Female,High,No
224,Science,2019,,0,3.43,0.72,0,0.78,29,Male,Low,Yes
225,Business,2018,2021.0,1,3.23,0.67,1,0.87,22,Female,Low,No
226,Business,2018,2022.0,1,2.09,0.51,0,0.84,22,Male,Low,Yes
227,Arts,2016,2020.0,1,3.76,0.91,0,0.7,21,Female,Middle,No
228,Arts,2020,,1,3.63,0.57,0,0.95,18,Male,Middle,No
229,Arts,2015,2020.0,0,3.33,0.65,0,0.96,27,Female,Low,Yes
230,Engineering,2016,2021.0,1,2.68,0.78,1,0.9,25,Female,High,Yes
231,Arts,2016,2022.0,1,2.14,0.62,0,0.86,20,Male,Middle,No
232,Engineering,2016,2020.0,1,3.16,0.75,0,0.99,19,Male,Middle,No
233,Business,2016,2020.0,1,3.44,0.9,0,0.74,26,Male,Middle,Yes
234,Science,2018,2021.0,1,2.19,0.74,1,0.92,24,Male,Middle,No
235,Business,2015,2021.0,0,3.27,0.97,0,0.74,26,Female,Middle,Yes
236,Business,2016,2022.0,0,2.57,0.92,0,0.81,19,Male,Middle,Yes
237,Business,2018,,1,3.53,0.67,0,0.88,26,Female,Low,Yes
238,Arts,2016,2020.0,0,3.08,0.7,1,0.92,27,Female,Middle,No
239,Arts,2017,2020.0,0,2.26,0.71,0,0.7,26,Male,Middle,No
240,Arts,2016,2022.0,1,3.05,0.81,0,0.78,28,Female,Low,Yes
241,Science,2020,2021.0,0,2.79,0.64,1,0.86,26,Male,Low,Yes
242,Arts,2020,2022.0,0,2.36,0.98,1,0.86,27,Male,Low,No
243,Engineering,2016,2020.0,1,3.68,0.8,0,0.89,27,Male,High,Yes
244,Business,2019,2021.0,1,2.02,0.7,1,0.79,21,Female,Low,No
245,Science,2017,2021.0,0,2.62,0.82,0,0.86,27,Male,High,Yes
246,Science,2015,2021.0,1,2.03,0.7,1,0.76,20,Female,Middle,Yes
247,Science,2016,2021.0,1,2.19,0.91,0,0.76,23,Male,High,Yes
248,Science,2015,2021.0,1,2.59,0.78,0,0.87,20,Other,Middle,No
249,Science,2017,2021.0,0,2.11,0.52,1,0.91,28,Female,High,No
250,Engineering,2016,2020.0,0,3.19,0.59,1,0.74,26,Male,Low,Yes
251,Business,2019,2020.0,1,2.17,0.93,0,0.74,20,Female,Middle,Yes
252,Science,2018,2021.0,0,3.4,0.78,1,0.87,19,Female,Low,Yes
253,Business,2019,2021.0,1,2.11,0.98,0,0.78,25,Male,Middle,No
254,Arts,2019,2021.0,1,2.12,0.54,1,0.82,23,Male,Middle,No
255,Science,2018,2021.0,1,2.61,0.65,0,0.82,25,Male,Middle,No
256,Science,2018,2022.0,1,3.79,0.6,0,0.75,24,Female,Middle,No
257,Business,2020,,1,3.28,0.78,0,0.7,20,Female,Low,No
258,Science,2018,2020.0,0,3.54,0.69,0,0.96,25,Male,Middle,Yes
259,Science,2016,2020.0,0,2.28,0.58,0,0.91,27,Male,Middle,Yes
260,Science,2015,2020.0,1,3.67,0.82,0,0.91,18,Female,Low,No
261,Engineering,2020,2022.0,0,2.02,0.77,0,0.86,18,Female,High,Yes
262,Engineering,2020,2021.0,1,2.43,0.64,1,0.91,27,Female,High,Yes
263,Science,2015,2020.0,1,3.23,0.74,0,0.98,25,Other,High,Yes
264,Engineering,2020,2022.0,1,2.75,0.87,0,0.9,26,Male,High,Yes
265,Arts,2018,2020.0,1,3.97,0.6,0,0.78,27,Male,Low,Yes
266,Science,2019,2021.0,1,2.06,0.65,0,0.87,23,Male,High,Yes
267,Arts,2017,2021.0,0,4.0,0.67,0,0.83,22,Female,Middle,Yes
268,Business,2018,2022.0,1,3.25,0.87,0,0.87,19,Male,Low,Yes
269,Arts,2019,2020.0,0,3.12,0.92,0,0.86,28,Male,High,Yes
270,Business,2019,,1,2.12,0.69,0,0.96,26,Female,Low,No
271,Science,2020,2022.0,0,2.55,0.65,0,0.9,23,Male,Middle,Yes
272,Business,2016,2020.0,1,3.85,0.94,0,0.76,25,Male,Low,No
273,Business,2016,2020.0,0,2.71,1.0,1,0.72,26,Female,Middle,No
274,Arts,2020,2021.0,0,3.32,0.84,0,0.83,26,Male,Middle,No
275,Arts,2020,,1,4.0,0.99,1,0.7,25,Male,Middle,No
276,Arts,2015,,1,2.53,0.83,0,0.8,29,Female,Low,Yes
277,Science,2015,2021.0,0,3.15,0.87,1,0.81,27,Male,Middle,Yes
278,Science,2017,,0,3.39,0.69,0,0.81,25,Male,Middle,No
279,Arts,2017,2020.0,1,2.33,0.72,0,0.99,20,Other,Low,Yes
280,Science,2017,2020.0,1,2.3,0.57,1,0.79,20,Male,High,Yes
281,Science,2017,,0,2.91,0.91,0,0.78,19,Female,Middle,Yes
282,Business,2019,2022.0,1,2.77,0.97,0,0.74,18,Male,High,No
283,Business,2019,2021.0,0,3.43,0.81,0,0.85,21,Female,Low,Yes
284,Arts,2015,2022.0,1,2.14,0.67,1,0.75,19,Male,Middle,Yes
285,Science,2016,,0,3.94,0.58,0,0.88,19,Male,Low,No
286,Business,2020,2022.0,1,2.03,0.63,0,0.75,28,Male,Middle,No
287,Engineering,2016,,0,3.2,0.63,1,0.87,28,Female,Low,Yes
288,Science,2018,2022.0,1,3.13,0.81,0,0.95,22,Female,Middle,No
289,Engineering,2019,2020.0,0,2.27,0.97,1,0.71,21,Male,Middle,Yes
290,Arts,2017,,0,2.3,0.52,0,0.83,18,Other,Low,No
291,Science,2017,2020.0,0,3.59,0.5,1,0.84,26,Male,Middle,Yes
292,Arts,2018,,1,3.78,0.8,0,0.94,21,Female,High,Yes
293,Arts,2016,2021.0,1,2.57,0.64,0,0.84,22,Male,Low,No
294,Arts,2017,2022.0,1,2.88,0.94,0,0.87,24,Female,Middle,Yes
295,Arts,2016,2021.0,1,2.71,0.66,0,0.94,19,Female,Middle,Yes
296,Arts,2020,2020.0,1,2.15,0.64,0,0.87,25,Female,Middle,No
297,Science,2018,2020.0,1,3.35,0.63,0,0.81,28,Male,High,Yes
298,Engineering,2016,,0,3.65,0.57,0,0.73,19,Male,High,No
299,Science,2020,,1,2.61,0.79,0,0.92,28,Female,Middle,Yes
300,Science,2016,2021.0,0,3.98,0.58,0,0.96,27,Male,Middle,Yes
301,Science,2016,,1,2.15,0.71,0,0.99,22,Male,Middle,No
302,Business,2017,,1,3.32,0.73,0,0.98,29,Male,Middle,Yes
303,Business,2015,2022.0,1,2.9,0.51,0,0.94,19,Male,Middle,Yes
304,Science,2019,2020.0,1,2.89,0.51,0,0.89,19,Male,High,Yes
305,Engineering,2016,,1,2.92,0.76,0,0.93,21,Female,Middle,No
306,Science,2016,2021.0,1,2.52,0.85,1,0.83,21,Female,Low,Yes
307,Arts,2016,,0,3.43,0.97,0,0.88,25,Female,Low,Yes
308,Business,2015,,0,3.44,0.59,0,0.8,23,Male,High,Yes
309,Business,2020,,1,2.56,0.55,0,0.8,27,Female,Low,Yes
310,Science,2018,2022.0,1,3.67,0.53,1,0.93,25,Female,Middle,Yes
311,Science,2017,2020.0,0,2.63,0.72,0,0.84,24,Female,Low,No
312,Engineering,2015,2021.0,0,3.45,0.81,1,0.76,27,Male,Low,No
313,Engineering,2020,2021.0,0,2.24,0.92,0,0.76,21,Other,Low,Yes
314,Arts,2016,2020.0,0,2.34,0.84,1,0.96,19,Female,Middle,Yes
315,Science,2020,2021.0,1,2.63,0.6,0,0.9,26,Other,Low,No
316,Science,2015,2022.0,1,3.19,0.73,0,0.86,19,Male,Middle,Yes
317,Science,2015,,1,3.29,0.96,0,0.82,18,Male,Middle,Yes
318,Business,2015,2020.0,1,2.79,0.66,1,0.83,25,Male,Middle,No
319,Arts,2018,2021.0,1,2.16,0.75,1,0.72,27,Female,Middle,No
320,Engineering,2019,2020.0,0,2.75,0.98,0,0.84,26,Male,Middle,Yes
321,Business,2017,2020.0,0,3.38,0.87,0,0.94,18,Female,Middle,Yes
322,Business,2018,2020.0,1,3.34,0.87,0,0.82,24,Female,Middle,Yes
323,Business,2018,2022.0,0,2.32,0.63,0,0.82,19,Female,Middle,Yes
324,Business,2019,2020.0,1,2.02,0.71,0,0.7,23,Female,High,No
325,Arts,2018,2022.0,0,3.51,0.54,0,0.84,28,Female,Middle,Yes
326,Science,2015,2020.0,0,2.21,0.8,1,0.71,22,Female,Middle,No
327,Engineering,2015,,0,2.16,0.55,0,0.87,18,Male,Middle,Yes
328,Engineering,2020,,1,2.01,0.92,0,0.85,19,Female,Middle,Yes
329,Business,2016,,0,2.87,0.91,0,0.95,19,Female,Low,Yes
330,Business,2018,,1,3.01,0.77,1,0.87,27,Male,Middle,No
331,Arts,2016,,0,3.28,0.57,1,0.8,27,Other,Middle,No
332,Business,2017,,1,2.59,0.51,0,0.85,23,Male,Middle,Yes
333,Engineering,2015,2022.0,1,3.42,0.9,1,0.91,28,Male,High,Yes
334,Engineering,2020,2020.0,1,2.34,0.8,1,0.73,29,Male,Middle,No
335,Science,2017,2020.0,1,3.66,0.86,0,0.89,18,Male,Middle,Yes
336,Science,2020,2020.0,0,3.14,0.65,0,0.97,28,Female,High,Yes
337,Engineering,2019,2022.0,0,3.17,0.75,1,0.79,21,Other,Middle,Yes
338,Engineering,2015,2021.0,1,2.42,0.87,0,0.89,29,Female,High,Yes
339,Arts,2017,,0,2.15,0.73,0,0.95,27,Other,High,No
340,Arts,2019,,0,2.93,0.8,0,0.85,28,Male,High,Yes
341,Engineering,2017,2021.0,1,3.23,0.89,0,0.92,22,Male,Low,No
342,Business,2020,2021.0,1,2.19,0.61,1,0.79,19,Female,Low,No
343,Science,2019,,1,3.9,0.53,0,0.79,19,Female,Middle,No
344,Engineering,2019,2020.0,1,3.96,0.77,0,0.9,24,Male,Middle,Yes
345,Business,2015,2022.0,1,3.09,0.53,1,0.91,24,Other,Middle,Yes
346,Engineering,2016,2020.0,1,3.9,0.88,0,0.98,23,Female,Low,Yes
347,Science,2020,2022.0,1,2.36,0.86,0,0.77,18,Other,Low,Yes
348,Science,2020,2020.0,0,2.05,0.94,1,0.84,29,Male,Middle,No
349,Arts,2019,,0,2.08,0.82,0,0.78,29,Female,Low,No
350,Arts,2019,2021.0,1,3.18,0.53,0,0.72,20,Female,Low,No
351,Arts,2015,2020.0,1,2.12,0.63,0,0.82,26,Female,Low,Yes
352,Arts,2016,2020.0,1,3.92,0.9,0,0.81,27,Male,Low,Yes
353,Science,2020,2021.0,1,2.28,0.58,1,0.78,18,Other,Middle,Yes
354,Business,2018,,1,2.61,0.85,0,0.79,19,Female,Middle,No
355,Business,2018,2022.0,0,3.65,0.89,0,0.81,25,Male,Low,Yes
356,Business,2016,2021.0,0,2.44,0.67,0,1.0,24,Male,Low,Yes
357,Engineering,2017,2021.0,1,2.49,0.66,0,0.93,26,Female,Middle,Yes
358,Arts,2015,2021.0,1,3.28,0.78,1,0.72,27,Female,Middle,No
359,Arts,2016,2022.0,0,2.55,0.93,1,0.96,29,Female,High,No
360,Science,2018,2022.0,0,2.43,0.61,1,0.89,29,Male,Middle,No
361,Science,2019,2021.0,0,2.51,0.97,0,0.97,21,Female,High,No
362,Engineering,2018,2022.0,1,2.98,0.8,1,0.8,21,Female,Middle,Yes
363,Engineering,2019,2022.0,1,3.93,1.0,0,0.84,24,Male,Middle,Yes
364,Business,2015,,1,3.66,0.54,1,0.97,18,Female,Middle,Yes
365,Science,2019,,0,2.57,0.56,1,0.78,27,Male,Low,Yes
366,Arts,2016,2022.0,1,2.73,0.91,0,0.97,29,Male,Low,No
367,Business,2019,2022.0,1,2.93,0.93,0,0.95,26,Female,Low,Yes
368,Arts,2017,2020.0,1,3.96,0.72,0,0.99,19,Other,Middle,Yes
369,Business,2016,,0,2.34,0.86,0,0.8,18,Male,Low,Yes
370,Arts,2015,2021.0,1,2.71,0.93,1,0.77,24,Male,Low,Yes
371,Engineering,2016,2020.0,1,3.46,0.52,0,0.8,23,Male,Middle,No
372,Business,2017,2021.0,0,3.93,0.79,0,0.99,29,Male,High,Yes
373,Arts,2015,,0,2.31,0.93,0,0.8,20,Male,Low,Yes
374,Arts,2018,2020.0,1,2.45,0.7,1,0.87,18,Female,Middle,Yes
375,Science,2017,2021.0,1,2.45,0.65,0,0.82,29,Male,Low,Yes
376,Business,2015,2021.0,0,2.04,0.9,0,0.82,22,Other,High,Yes
377,Arts,2019,2020.0,0,3.21,0.67,0,0.76,27,Male,Low,Yes
378,Science,2016,2020.0,0,3.34,0.5,0,0.86,21,Female,High,No
379,Arts,2015,,1,3.21,0.98,0,0.95,22,Female,Low,Yes
380,Business,2016,,1,2.14,0.8,1,0.71,18,Female,High,Yes
381,Engineering,2019,2020.0,1,2.14,0.91,0,0.97,18,Male,Low,No
382,Business,2015,,1,2.42,0.91,0,0.9,22,Female,Low,Yes
383,Business,2018,2022.0,0,2.58,0.53,0,0.89,23,Female,Low,Yes
384,Arts,2017,2021.0,1,3.57,0.59,0,0.89,22,Female,Low,No
385,Arts,2015,2022.0,1,2.32,0.66,0,0.79,19,Female,High,No
386,Business,2019,,0,2.09,0.66,0,0.82,26,Male,Middle,No
387,Science,2015,2021.0,1,2.79,0.83,0,0.94,22,Female,Middle,Yes
388,Science,2016,2020.0,1,2.83,0.81,0,0.79,28,Other,High,Yes
389,Science,2020,,1,2.9,0.75,0,0.84,28,Female,Middle,Yes
390,Arts,2015,2022.0,0,3.65,0.61,1,0.71,22,Female,High,Yes
391,Arts,2018,2020.0,1,2.2,0.69,0,0.92,27,Female,Low,No
392,Business,2015,2021.0,1,3.41,0.77,1,0.83,26,Female,High,Yes
393,Engineering,2017,2021.0,0,2.68,0.73,1,0.86,20,Female,Low,Yes
394,Arts,2015,,0,2.62,0.56,0,0.73,22,Female,Middle,No
395,Business,2020,2021.0,0,3.87,0.82,1,1.0,29,Male,Middle,No
396,Business,2016,2020.0,1,2.5,0.54,0,0.79,22,Female,Middle,No
397,Engineering,2015,2022.0,1,3.29,0.69,0,0.89,19,Female,Middle,No
398,Science,2018,2021.0,0,2.55,0.86,0,0.87,28,Male,Middle,Yes
399,Business,2019,2020.0,0,3.01,0.51,0,0.94,21,Male,High,No
400,Business,2015,2021.0,0,3.57,0.78,0,0.79,28,Female,High,Yes
401,Business,2015,,1,3.76,0.67,0,0.93,28,Female,High,Yes
402,Science,2017,2020.0,1,3.68,0.5,0,0.81,19,Male,High,No
403,Science,2018,2022.0,1,3.16,0.6,0,0.82,22,Female,Middle,No
404,Engineering,2020,2021.0,1,2.5,0.97,0,0.9,27,Female,High,No
405,Arts,2019,2020.0,1,3.32,0.76,0,0.94,29,Female,High,No
406,Science,2016,2021.0,0,3.42,1.0,0,0.9,19,Male,Middle,No
407,Arts,2015,2021.0,0,2.02,0.76,0,0.97,27,Other,Middle,Yes
408,Arts,2020,,1,2.88,0.77,0,0.79,26,Female,High,No
409,Science,2019,2020.0,0,3.69,0.7,0,0.97,27,Male,Middle,No
410,Business,2016,2022.0,0,2.98,0.66,1,0.74,23,Male,Middle,No
411,Engineering,2020,2020.0,1,2.62,0.63,1,0.9,25,Male,Low,Yes
412,Arts,2018,,1,3.74,0.67,0,0.86,26,Female,High,Yes
413,Business,2018,2022.0,0,2.31,0.73,1,0.85,25,Male,High,No
414,Science,2019,2022.0,0,2.41,0.6,0,0.79,22,Female,Middle,Yes
415,Arts,2016,2020.0,0,3.37,0.61,0,0.85,22,Male,Low,Yes
416,Arts,2018,2021.0,1,2.7,0.64,1,0.75,23,Female,Middle,Yes
417,Arts,2019,2020.0,0,3.43,0.72,0,0.81,18,Male,Middle,Yes
418,Business,2018,,0,2.32,0.83,1,0.73,28,Female,Middle,No
419,Business,2018,2021.0,1,2.5,0.93,0,0.87,25,Other,Middle,Yes
420,Business,2020,2022.0,0,2.31,0.64,0,0.73,19,Male,High,No
421,Arts,2020,2022.0,0,3.91,0.59,0,0.75,23,Male,Middle,Yes
422,Arts,2018,2021.0,0,2.81,0.69,0,0.73,26,Female,Middle,Yes
423,Engineering,2017,2022.0,0,2.67,0.95,0,0.81,20,Male,High,Yes
424,Engineering,2020,2022.0,0,2.03,0.5,0,0.95,19,Female,Middle,No
425,Business,2016,2022.0,0,2.31,0.84,1,0.97,27,Male,Low,Yes
426,Business,2019,2021.0,1,2.84,0.74,0,0.72,22,Male,Middle,No
427,Science,2019,2021.0,0,2.14,0.58,0,0.89,28,Other,Middle,No
428,Business,2016,2020.0,1,3.02,0.66,0,0.91,26,Female,High,No
429,Engineering,2016,,1,2.91,0.61,1,0.86,23,Female,High,No
430,Engineering,2016,2022.0,1,3.53,0.94,0,0.9,25,Male,Middle,Yes
431,Engineering,2016,2021.0,0,3.32,0.74,0,0.77,25,Male,Low,Yes
432,Arts,2015,,0,2.89,0.78,1,0.85,24,Female,Low,Yes
433,Arts,2019,2020.0,1,2.45,0.8,0,0.82,22,Male,Middle,Yes
434,Business,2015,,1,3.45,0.82,0,0.73,19,Female,Middle,No
435,Science,2018,,1,3.42,0.75,1,0.89,27,Male,Middle,No
436,Science,2018,,0,2.31,0.51,1,0.85,27,Male,Middle,Yes
437,Science,2019,,1,3.83,0.67,0,0.78,22,Female,High,Yes
438,Arts,2018,2021.0,0,2.13,0.59,0,0.84,29,Female,High,No
439,Engineering,2016,2020.0,0,2.11,0.84,1,0.93,24,Female,Low,Yes
440,Engineering,2015,2022.0,1,2.37,0.53,0,0.94,29,Female,Middle,No
441,Arts,2016,2021.0,0,3.82,0.78,1,0.89,29,Female,Middle,Yes
442,Science,2018,2020.0,1,3.04,0.61,0,0.84,24,Female,Low,Yes
443,Science,2020,2022.0,1,3.58,0.97,0,0.87,28,Female,Middle,No
444,Business,2015,2021.0,1,2.46,0.67,0,0.82,19,Male,Low,Yes
445,Business,2016,,1,2.98,0.66,1,0.74,24,Male,Low,No
446,Science,2019,,1,2.72,0.96,1,0.82,23,Other,Middle,No
447,Arts,2016,,1,3.66,0.71,0,0.86,24,Male,Middle,No
448,Science,2020,2022.0,0,2.05,0.98,1,0.88,28,Male,Middle,No
449,Business,2018,,1,2.49,0.51,0,0.98,25,Female,Middle,Yes
450,Science,2015,,0,2.31,0.65,0,0.93,21,Female,Low,No
451,Arts,2019,2022.0,0,3.72,0.83,1,0.75,18,Female,Middle,No
452,Engineering,2015,2020.0,0,2.94,0.95,1,0.75,25,Male,Middle,No
453,Arts,2019,,1,2.81,0.63,1,0.73,25,Other,Middle,No
454,Arts,2015,,1,2.9,0.97,1,0.92,20,Female,High,No
455,Business,2018,2021.0,1,3.94,0.8,0,0.91,20,Female,Middle,Yes
456,Arts,2019,2020.0,0,3.7,0.9,0,1.0,22,Male,Middle,No
457,Arts,2017,2022.0,1,3.41,0.7,1,0.86,20,Male,Middle,No
458,Business,2015,2020.0,1,2.58,0.61,0,0.95,22,Male,High,No
459,Business,2015,,1,2.33,0.96,0,0.87,25,Male,High,Yes
460,Engineering,2016,,1,3.84,0.97,0,0.96,18,Male,Low,No
461,Science,2019,2020.0,0,2.85,0.75,0,0.92,19,Male,Middle,Yes
462,Arts,2020,2022.0,1,2.56,0.5,1,0.89,19,Female,Low,Yes
463,Business,2017,2020.0,1,2.94,0.55,0,0.87,29,Female,High,No
464,Engineering,2018,2022.0,1,3.84,0.79,1,0.92,21,Female,Middle,No
465,Science,2016,2021.0,1,2.77,0.51,0,0.83,26,Male,High,Yes
466,Business,2017,2022.0,1,3.13,0.7,0,0.73,19,Male,Middle,No
467,Science,2019,2021.0,1,3.61,0.65,0,0.71,29,Male,Middle,Yes
468,Science,2017,2020.0,0,2.85,0.86,0,0.84,28,Male,High,Yes
469,Arts,2015,2021.0,0,2.47,0.53,0,0.88,29,Male,High,Yes
470,Arts,2015,2020.0,1,3.99,0.74,0,0.72,26,Female,Low,No
471,Business,2016,2021.0,1,3.91,0.79,0,0.79,24,Female,Middle,Yes
472,Science,2019,2020.0,0,3.69,0.81,0,0.8,27,Female,Middle,Yes
473,Business,2019,2021.0,1,3.38,0.7,0,0.87,25,Female,Middle,No
474,Business,2017,,1,2.59,0.65,0,0.78,18,Female,Middle,Yes
475,Science,2016,,1,3.83,0.84,0,0.73,22,Female,Middle,No
476,Business,2019,,1,2.55,0.92,0,0.75,26,Female,Middle,No
477,Science,2020,,1,3.6,0.85,1,0.75,29,Female,Low,No
478,Science,2020,2020.0,1,3.84,0.97,0,0.95,21,Female,Middle,Yes
479,Science,2015,2020.0,1,3.21,0.86,1,0.79,19,Female,Low,Yes
480,Science,2017,2021.0,1,3.61,0.88,1,0.91,23,Male,Low,No
481,Engineering,2018,,0,3.58,0.58,0,0.87,19,Female,Middle,Yes
482,Science,2015,,0,2.39,0.71,1,0.99,20,Other,Low,Yes
483,Arts,2016,2020.0,1,3.34,0.74,0,0.78,25,Female,Middle,Yes
484,Arts,2019,2021.0,1,2.19,0.63,1,0.75,20,Male,Middle,Yes
485,Arts,2015,2020.0,1,3.02,0.76,1,0.72,19,Male,Middle,No
486,Science,2018,2022.0,1,2.32,0.65,0,0.77,23,Female,Middle,No
487,Arts,2018,2022.0,0,2.83,0.84,0,0.91,20,Other,Middle,Yes
488,Engineering,2020,2020.0,1,3.67,0.74,0,0.73,18,Male,Low,Yes
489,Business,2016,2021.0,1,3.97,0.73,0,0.77,29,Female,High,No
490,Science,2015,2022.0,1,2.64,0.99,0,0.96,20,Female,High,Yes
491,Arts,2017,2022.0,1,3.06,0.7,0,0.87,23,Male,Low,No
492,Engineering,2015,2020.0,1,3.02,0.68,0,0.72,20,Female,Middle,Yes
493,Business,2020,,1,3.91,0.66,0,0.71,26,Male,Middle,No
494,Engineering,2018,2021.0,1,2.96,0.95,1,0.72,24,Female,Low,No
495,Arts,2016,,0,3.4,0.75,1,0.98,22,Female,Middle,Yes
496,Engineering,2016,,1,3.84,0.8,0,0.95,19,Female,Middle,Yes
497,Business,2017,2020.0,1,2.75,0.59,0,0.95,26,Female,Low,Yes
498,Arts,2016,2020.0,1,3.8,0.77,0,0.98,22,Male,High,No
499,Business,2020,2022.0,0,3.83,0.64,0,0.85,24,Female,Middle,Yes
500,Engineering,2020,2020.0,1,3.86,0.87,1,0.77,26,Female,Middle,No
501,Science,2020,,1,2.54,0.92,0,0.82,21,Female,Middle,Yes
502,Science,2016,2022.0,1,2.8,0.86,0,0.92,26,Female,Low,No
503,Science,2016,,0,3.74,0.87,1,0.96,18,Male,Middle,No
504,Science,2020,2020.0,1,2.72,0.76,1,0.83,29,Female,Middle,Yes
505,Business,2016,2021.0,1,3.2,0.86,0,0.86,23,Female,Middle,Yes
506,Science,2016,2022.0,1,2.24,0.71,0,0.98,19,Male,Middle,Yes
507,Business,2018,2020.0,0,2.11,0.83,0,0.73,25,Other,Low,No
508,Arts,2015,2022.0,0,2.82,0.63,0,0.96,22,Female,Low,Yes
509,Science,2019,,1,3.16,0.53,1,0.75,20,Female,Low,Yes
510,Business,2016,2021.0,0,2.79,0.71,0,0.85,19,Female,High,No
511,Science,2019,2022.0,0,3.16,0.73,0,0.77,25,Female,Low,Yes
512,Science,2019,2020.0,0,3.03,0.63,1,0.88,24,Female,Low,No
513,Science,2018,2021.0,1,3.37,0.86,1,0.87,26,Male,High,Yes
514,Business,2016,,1,3.3,0.54,1,0.81,25,Female,Middle,Yes
515,Engineering,2020,,0,2.85,0.61,0,0.96,28,Female,Middle,Yes
516,Science,2019,2021.0,0,2.85,0.87,0,0.9,21,Female,Low,No
517,Science,2016,,1,2.28,0.72,0,0.92,19,Female,Middle,Yes
518,Arts,2017,2021.0,1,3.03,0.85,0,0.75,19,Male,Low,No
519,Engineering,2020,2020.0,0,3.17,0.78,0,0.96,19,Male,Middle,Yes
520,Business,2017,2020.0,0,2.95,0.98,0,0.75,28,Female,High,Yes
521,Arts,2017,,1,2.65,0.8,0,0.77,29,Male,Middle,No
522,Science,2019,2020.0,1,3.44,0.51,1,0.74,23,Female,Low,Yes
523,Arts,2017,2021.0,1,2.15,0.68,0,0.83,24,Male,Middle,Yes
524,Arts,2018,2021.0,1,3.83,0.57,1,0.97,29,Male,Middle,Yes
525,Science,2018,2022.0,0,2.04,0.96,0,0.78,23,Male,Middle,No
526,Engineering,2019,2021.0,1,3.92,0.55,1,0.81,19,Female,Middle,No
527,Engineering,2016,2020.0,1,2.92,0.69,0,0.95,21,Female,Middle,Yes
528,Arts,2015,2020.0,1,2.83,0.61,1,0.89,20,Female,Middle,Yes
529,Science,2016,2022.0,0,2.51,0.92,0,0.93,28,Other,High,No
530,Business,2016,2022.0,1,2.02,0.65,0,0.76,21,Male,High,No
531,Arts,2016,2021.0,1,2.55,1.0,1,0.91,22,Male,Low,Yes
532,Business,2016,2022.0,0,2.22,0.52,0,0.77,24,Female,Middle,No
533,Arts,2020,2020.0,1,3.32,0.56,0,1.0,26,Female,Low,Yes
534,Arts,2015,,0,2.64,0.61,1,0.87,28,Male,Middle,Yes
535,Science,2020,2021.0,0,3.53,0.91,1,0.91,19,Other,Low,Yes
536,Science,2017,2020.0,0,2.41,0.94,0,0.74,25,Other,Middle,Yes
537,Business,2016,2021.0,0,3.8,0.54,0,0.78,20,Male,Middle,Yes
538,Business,2018,,0,3.05,0.52,0,0.74,26,Male,Low,No
539,Engineering,2019,,1,2.23,0.87,0,0.82,27,Female,High,Yes
540,Science,2019,2020.0,1,2.8,0.57,1,0.79,29,Male,Middle,Yes
541,Arts,2020,2022.0,1,2.41,0.57,0,0.92,21,Male,Middle,Yes
542,Arts,2020,2020.0,0,2.4,0.51,0,0.73,20,Female,Middle,No
543,Engineering,2018,2020.0,1,3.01,0.52,1,0.93,27,Female,High,No
544,Science,2016,2021.0,1,3.34,0.63,0,0.71,23,Female,Low,Yes
545,Arts,2015,2022.0,1,3.82,0.53,0,0.76,27,Male,Middle,Yes
546,Engineering,2017,2022.0,1,3.0,0.68,0,0.94,26,Female,Middle,Yes
547,Engineering,2019,2021.0,1,3.93,0.92,0,0.92,24,Female,High,Yes
548,Arts,2017,2020.0,1,3.88,0.66,0,0.84,21,Male,Middle,Yes
549,Arts,2015,2021.0,1,3.73,0.86,0,0.71,20,Male,Middle,Yes
550,Business,2020,2020.0,0,3.0,0.55,0,0.88,27,Female,High,No
551,Science,2019,2020.0,1,2.28,0.83,0,0.82,21,Other,High,Yes
552,Business,2017,2021.0,1,2.44,0.66,0,0.79,20,Other,Middle,Yes
553,Engineering,2020,2021.0,1,3.3,0.87,0,0.89,29,Male,Low,Yes
554,Arts,2015,2020.0,1,2.84,0.57,0,0.83,20,Female,Middle,No
555,Business,2017,2021.0,1,2.29,0.95,0,0.73,29,Female,Middle,Yes
556,Engineering,2016,2020.0,1,2.96,0.62,0,0.97,26,Female,Middle,Yes
557,Science,2020,2020.0,0,2.03,0.68,0,0.93,21,Female,Middle,No
558,Arts,2015,2022.0,0,3.47,0.98,0,0.72,26,Male,Low,Yes
559,Business,2017,2020.0,0,2.15,0.79,0,0.86,29,Female,Middle,Yes
560,Science,2016,2022.0,1,3.26,0.68,1,0.73,27,Male,Low,Yes
561,Business,2016,2020.0,1,3.59,0.97,0,0.95,22,Male,Low,No
562,Engineering,2015,2021.0,1,2.27,0.66,1,0.88,24,Female,Middle,Yes
563,Science,2018,2020.0,1,3.04,0.55,1,0.75,22,Other,Middle,No
564,Business,2019,2020.0,1,3.56,1.0,0,0.71,18,Male,Middle,Yes
565,Science,2015,2021.0,1,2.52,0.63,0,0.71,19,Female,Low,Yes
566,Engineering,2016,,1,2.33,0.93,1,0.85,28,Male,Low,No
567,Science,2016,2020.0,1,2.67,0.58,0,0.92,22,Female,Middle,Yes
568,Business,2015,2021.0,1,3.11,0.87,1,0.74,23,Female,Middle,Yes
569,Engineering,2018,2022.0,0,3.15,0.76,0,0.77,24,Male,Middle,Yes
570,Arts,2019,2021.0,1,2.26,0.99,0,0.8,19,Male,Low,No
571,Business,2017,,1,2.92,0.78,0,0.77,27,Male,Middle,Yes
572,Business,2015,2020.0,0,2.54,0.51,0,0.82,26,Male,High,Yes
573,Engineering,2019,,1,3.68,0.8,0,0.87,23,Male,Low,Yes
574,Engineering,2019,2021.0,1,2.63,0.57,0,0.91,19,Female,Middle,Yes
575,Arts,2020,2021.0,1,3.68,0.9,1,0.99,19,Male,Middle,Yes
576,Business,2016,,0,2.86,0.93,1,0.98,20,Female,Low,Yes
577,Engineering,2017,2021.0,1,3.45,0.74,0,0.87,18,Male,Low,Yes
578,Arts,2015,2021.0,1,3.02,0.89,1,0.92,26,Female,Middle,No
579,Arts,2016,2022.0,0,3.24,0.57,1,0.99,27,Male,Low,Yes
580,Engineering,2020,2021.0,1,2.79,0.75,1,0.73,28,Male,Low,Yes
581,Business,2020,2020.0,0,3.54,0.7,0,0.7,21,Female,Middle,No
582,Science,2016,2022.0,0,2.85,0.81,1,0.71,22,Male,Low,No
583,Science,2018,2020.0,0,2.91,0.52,0,0.87,24,Female,Middle,No
584,Arts,2019,,0,3.04,0.88,0,0.93,18,Female,Low,Yes
585,Science,2015,,1,3.66,0.54,1,0.81,20,Female,Middle,No
586,Science,2015,2021.0,0,3.32,0.83,0,0.86,20,Male,Middle,No
587,Engineering,2015,2021.0,1,2.7,0.51,0,0.85,19,Male,Middle,Yes
588,Arts,2016,2020.0,1,3.34,0.92,1,0.73,25,Female,Middle,Yes
589,Business,2018,2020.0,1,3.28,0.59,0,0.8,22,Female,Low,Yes
590,Arts,2017,,1,3.86,0.76,1,0.71,18,Male,Middle,No
591,Engineering,2020,2020.0,1,3.68,0.63,1,0.73,29,Male,Low,Yes
592,Science,2016,2021.0,1,3.29,0.86,0,0.94,19,Male,Low,Yes
593,Business,2017,,0,2.68,0.66,0,0.95,18,Female,Middle,Yes
594,Arts,2020,,1,3.56,0.86,1,0.94,23,Male,High,No
595,Science,2020,2021.0,1,3.15,0.64,0,0.92,26,Female,Middle,Yes
596,Arts,2018,2021.0,0,3.97,0.88,1,0.94,28,Male,Low,No
597,Business,2019,2022.0,0,2.5,0.52,1,0.9,24,Female,High,No
598,Arts,2015,,0,2.16,0.64,0,0.9,22,Male,Low,Yes
599,Arts,2017,2022.0,1,2.14,0.75,0,0.9,29,Female,High,Yes
600,Arts,2016,2021.0,1,3.28,0.52,1,0.85,20,Male,Middle,Yes
601,Science,2017,2020.0,1,3.88,0.59,0,0.81,29,Male,Middle,No
602,Business,2019,2020.0,0,2.0,0.97,0,0.92,29,Male,Middle,No
603,Business,2015,2021.0,1,3.45,0.99,1,0.79,25,Male,High,No
604,Science,2017,,0,3.31,0.87,1,0.86,27,Male,High,Yes
605,Science,2019,,0,3.46,0.63,0,0.83,21,Female,Middle,Yes
606,Science,2016,,1,2.71,0.63,0,0.78,26,Female,Middle,Yes
607,Engineering,2018,2021.0,0,3.64,0.82,0,0.99,22,Male,Middle,Yes
608,Arts,2020,2022.0,0,2.09,0.56,1,0.78,23,Female,Middle,No
609,Arts,2016,,0,3.51,0.97,1,0.79,22,Female,High,Yes
610,Business,2015,2022.0,1,2.53,0.61,1,0.75,27,Male,Low,Yes
611,Arts,2020,2021.0,1,2.95,1.0,0,0.95,29,Other,Middle,Yes
612,Engineering,2016,2021.0,1,3.65,0.75,1,0.88,28,Female,High,Yes
613,Science,2016,,1,2.54,0.89,1,0.88,24,Other,High,Yes
614,Business,2016,2020.0,0,2.37,0.5,0,0.95,24,Male,Low,Yes
615,Business,2016,,1,3.36,0.94,0,0.8,18,Male,Low,No
616,Arts,2020,2020.0,1,3.07,0.64,1,0.76,19,Female,High,Yes
617,Business,2015,2022.0,0,3.03,0.83,0,0.76,24,Female,Middle,No
618,Science,2019,2022.0,0,2.51,0.9,0,0.92,25,Male,Middle,Yes
619,Business,2017,2022.0,0,2.07,0.58,0,0.88,21,Female,Low,No
620,Science,2018,2021.0,1,2.82,0.72,0,0.76,23,Female,High,Yes
621,Engineering,2017,,0,2.21,0.75,0,0.74,28,Male,Low,No
622,Engineering,2017,2022.0,1,3.81,0.66,0,0.74,29,Female,Low,No
623,Science,2018,2020.0,0,2.08,0.74,1,0.89,27,Female,Low,Yes
624,Arts,2020,2022.0,0,2.86,0.66,1,0.7,20,Male,High,Yes
625,Business,2015,2020.0,1,2.1,0.68,1,0.71,24,Other,Middle,Yes
626,Arts,2018,2020.0,1,2.19,0.83,0,0.82,28,Male,Middle,No
627,Business,2015,2021.0,0,3.32,0.82,1,0.91,20,Male,Middle,Yes
628,Engineering,2020,,0,3.29,0.62,1,0.91,28,Female,High,Yes
629,Engineering,2017,2021.0,0,2.07,0.95,0,0.83,24,Other,Middle,Yes
630,Engineering,2015,2022.0,0,2.0,0.93,0,0.91,29,Female,Middle,No
631,Business,2020,2021.0,0,2.16,0.75,0,0.86,28,Female,High,No
632,Engineering,2020,2020.0,1,3.53,0.72,1,0.99,29,Female,Middle,Yes
633,Engineering,2019,,1,3.17,0.69,0,0.75,28,Other,Middle,Yes
634,Engineering,2018,2022.0,1,2.08,0.85,1,0.88,25,Male,High,No
635,Engineering,2019,,0,2.98,0.84,0,0.85,20,Female,Middle,No
636,Arts,2017,2020.0,0,3.42,0.6,0,0.76,19,Female,Middle,Yes
637,Engineering,2018,2020.0,0,3.74,0.84,1,0.92,29,Male,Low,Yes
638,Engineering,2017,,1,3.87,0.63,0,0.78,23,Female,Middle,No
639,Arts,2019,2022.0,1,2.65,0.51,0,0.81,21,Female,Middle,Yes
640,Arts,2020,2020.0,0,2.27,0.85,1,0.81,25,Female,Low,Yes
641,Business,2017,2020.0,1,2.47,0.82,1,0.77,19,Male,High,No
642,Science,2018,,1,3.55,0.71,0,0.83,21,Female,Middle,Yes
643,Engineering,2018,2021.0,0,3.94,0.76,0,0.84,19,Male,Middle,No
644,Engineering,2017,2022.0,0,2.93,0.97,0,0.92,19,Male,Middle,Yes
645,Engineering,2018,2021.0,1,2.61,0.8,1,0.93,19,Female,Middle,No
646,Business,2020,2021.0,1,2.86,0.83,0,0.75,18,Female,Low,Yes
647,Engineering,2020,,0,2.61,0.53,0,0.88,21,Male,Middle,No
648,Science,2018,2020.0,0,2.51,0.58,0,0.97,19,Male,Low,Yes
649,Arts,2017,2021.0,1,3.19,0.65,1,0.73,26,Female,Low,Yes
650,Business,2019,,0,2.03,0.77,1,0.84,26,Other,Low,Yes
651,Arts,2018,2020.0,1,2.52,0.89,1,0.93,28,Other,Low,No
652,Engineering,2018,2021.0,1,3.32,0.66,0,0.88,28,Female,Middle,Yes
653,Engineering,2018,2022.0,0,2.06,0.68,1,0.73,24,Male,Middle,Yes
654,Engineering,2018,2021.0,0,2.17,0.63,0,0.82,23,Male,High,Yes
655,Science,2017,2021.0,1,2.59,0.63,0,0.85,29,Male,Middle,Yes
656,Science,2019,2021.0,0,3.76,0.97,1,1.0,20,Male,Middle,No
657,Business,2019,2021.0,0,3.53,0.82,0,0.75,29,Male,Middle,No
658,Arts,2015,2022.0,1,2.04,0.58,0,0.99,24,Male,Middle,Yes
659,Engineering,2018,2022.0,0,3.0,0.86,1,0.81,18,Female,Middle,Yes
660,Engineering,2018,2020.0,1,2.55,0.86,0,0.76,26,Male,Middle,No
661,Engineering,2015,2022.0,0,3.3,0.83,0,0.82,21,Female,Low,No
662,Engineering,2019,,1,3.44,0.57,0,0.88,23,Other,Middle,No
663,Science,2016,2021.0,0,3.73,0.7,0,0.76,23,Female,Middle,Yes
664,Arts,2020,2022.0,1,2.95,0.55,1,0.79,28,Female,Middle,Yes
665,Arts,2016,2021.0,1,3.99,0.91,0,0.96,20,Female,High,Yes
666,Business,2019,,0,3.96,0.83,1,1.0,21,Male,Low,Yes
667,Science,2018,,1,3.76,0.75,0,0.8,28,Male,Low,No
668,Engineering,2016,2020.0,0,3.15,0.67,0,0.74,27,Male,Middle,Yes
669,Arts,2017,2021.0,1,2.8,0.59,0,0.94,20,Male,High,Yes
670,Arts,2017,2021.0,1,2.73,0.55,1,0.88,23,Female,Middle,No
671,Science,2015,2021.0,1,2.02,0.98,0,0.73,18,Other,Middle,Yes
672,Business,2019,2020.0,0,2.5,0.6,1,0.98,25,Other,Low,No
673,Business,2019,,1,3.44,0.53,0,0.72,25,Male,Middle,Yes
674,Engineering,2016,2020.0,0,3.21,0.98,1,0.89,26,Other,Middle,Yes
675,Business,2018,2021.0,1,3.83,0.77,1,0.83,23,Male,High,Yes
676,Arts,2019,2022.0,1,2.1,0.9,1,0.87,18,Female,Low,Yes
677,Business,2016,2020.0,0,2.31,0.52,1,0.76,20,Male,Middle,Yes
678,Engineering,2016,,0,3.58,0.78,0,0.91,18,Male,Middle,Yes
679,Arts,2020,,1,2.72,0.7,1,0.99,22,Male,Low,Yes
680,Business,2020,2021.0,1,2.24,0.89,0,0.84,20,Female,Middle,No
681,Business,2019,2021.0,0,3.99,0.52,0,0.86,19,Male,Middle,Yes
682,Science,2016,2020.0,0,3.57,0.7,0,0.77,20,Male,Low,Yes
683,Engineering,2015,2022.0,1,2.82,0.9,0,0.97,26,Other,High,Yes
684,Business,2015,2020.0,0,3.65,0.76,0,0.99,28,Other,Low,Yes
685,Science,2020,2022.0,0,3.36,0.78,0,0.94,25,Male,High,Yes
686,Arts,2019,,0,3.58,0.55,0,0.86,20,Female,High,Yes
687,Science,2018,2020.0,0,3.63,0.57,0,0.99,28,Male,Middle,Yes
688,Science,2015,,1,2.17,0.84,0,0.75,19,Male,Low,Yes
689,Business,2015,2020.0,1,3.25,0.84,1,0.84,22,Female,High,Yes
690,Business,2020,,1,2.01,0.99,1,0.86,29,Male,Middle,No
691,Business,2020,2020.0,0,2.09,0.86,1,0.85,29,Female,Low,Yes
692,Science,2019,2022.0,1,3.81,0.75,0,0.94,29,Female,Middle,Yes
693,Arts,2020,2020.0,1,3.06,0.93,0,0.9,18,Female,Low,No
694,Engineering,2017,,0,3.47,0.55,1,0.74,21,Female,High,No
695,Science,2016,2021.0,1,3.68,0.72,1,0.8,25,Female,High,No
696,Business,2015,2020.0,1,3.9,0.64,1,0.8,18,Male,High,Yes
697,Engineering,2017,2021.0,1,3.74,0.55,0,0.87,22,Male,Middle,No
698,Arts,2018,2021.0,1,2.97,0.88,0,0.79,29,Female,Middle,No
699,Engineering,2017,2022.0,1,2.67,0.76,1,0.74,21,Female,Low,No
700,Business,2019,,0,2.31,0.78,0,0.9,23,Female,Low,Yes
701,Science,2018,2021.0,1,2.8,0.71,0,0.96,24,Female,Low,Yes
702,Science,2018,2020.0,0,2.73,0.73,1,0.98,26,Male,Middle,No
703,Business,2020,2020.0,1,3.12,0.56,1,0.99,18,Female,High,Yes
704,Science,2017,2021.0,1,3.33,0.84,0,0.93,28,Male,High,Yes
705,Business,2019,2021.0,1,3.96,0.72,0,0.74,27,Other,Low,Yes
706,Science,2015,2021.0,1,3.46,0.91,1,0.96,21,Female,Middle,Yes
707,Science,2020,2020.0,1,3.29,0.6,0,0.82,23,Male,Middle,Yes
708,Science,2017,2021.0,0,2.67,0.6,1,0.92,27,Female,Middle,Yes
709,Arts,2015,,1,2.07,0.82,1,0.86,24,Female,Middle,No
710,Arts,2017,2020.0,1,2.58,0.92,1,0.95,24,Male,Middle,Yes
711,Business,2020,2021.0,1,3.54,0.74,1,0.83,25,Female,High,Yes
712,Arts,2015,2022.0,1,2.41,0.86,0,0.72,27,Female,Middle,No
713,Business,2020,2022.0,0,3.42,1.0,0,0.87,25,Female,Middle,Yes
714,Engineering,2017,2021.0,0,3.16,1.0,0,0.75,25,Male,Low,Yes
715,Engineering,2018,2022.0,1,2.34,0.87,0,0.99,25,Female,Low,Yes
716,Arts,2016,,1,2.52,0.87,0,0.86,29,Other,Middle,Yes
717,Engineering,2018,2020.0,0,2.99,0.62,0,0.87,25,Other,Middle,Yes
718,Engineering,2020,2021.0,1,2.84,0.92,1,0.97,23,Female,High,No
719,Science,2020,2020.0,1,3.56,0.7,0,0.89,26,Other,Middle,No
720,Science,2020,2021.0,0,3.47,0.98,0,0.79,20,Female,Middle,No
721,Business,2015,2021.0,1,3.15,0.54,0,0.79,23,Male,Middle,Yes
722,Engineering,2019,2022.0,1,3.64,0.72,0,0.85,22,Female,Low,Yes
723,Business,2020,2020.0,1,3.13,0.78,0,0.96,25,Male,Middle,Yes
724,Business,2018,2021.0,1,3.93,0.7,0,0.94,21,Male,Middle,Yes
725,Engineering,2016,2021.0,1,2.43,0.61,0,0.99,21,Female,Low,Yes
726,Arts,2020,2021.0,0,3.43,0.8,1,0.72,27,Female,Middle,No
727,Engineering,2020,2022.0,0,2.74,0.88,1,0.78,28,Female,Middle,Yes
728,Science,2020,2021.0,0,2.56,0.82,1,0.72,27,Female,Low,Yes
729,Engineering,2015,,1,2.36,0.62,0,0.93,22,Male,High,Yes
730,Arts,2020,2021.0,0,3.11,0.87,0,0.74,28,Male,Middle,Yes
731,Business,2018,2021.0,0,2.43,0.63,0,0.73,23,Male,Low,No
732,Business,2017,,0,2.4,0.59,0,0.87,28,Female,Low,No
733,Science,2019,2020.0,0,3.98,0.85,0,0.82,21,Male,High,Yes
734,Science,2020,2020.0,1,3.6,0.92,0,0.91,19,Male,Middle,Yes
735,Science,2015,2022.0,0,3.5,0.74,1,0.85,29,Male,Middle,No
736,Business,2018,2021.0,1,3.59,0.77,0,0.83,29,Female,Low,No
737,Science,2020,,1,3.94,0.65,0,0.83,19,Female,High,No
738,Engineering,2015,,0,3.15,0.75,0,0.96,29,Female,Middle,Yes
739,Business,2017,2021.0,1,2.44,0.57,0,0.82,20,Male,Middle,Yes
740,Arts,2016,2021.0,1,3.72,0.98,1,0.8,19,Male,High,Yes
741,Business,2020,2021.0,0,3.49,0.9,0,0.8,18,Male,Low,Yes
742,Engineering,2018,2021.0,0,2.83,0.83,0,0.76,25,Male,Middle,No
743,Engineering,2015,2022.0,0,2.95,0.77,0,0.96,29,Male,Low,Yes
744,Science,2015,2022.0,0,2.82,0.9,0,0.74,22,Male,Middle,Yes
745,Business,2020,2021.0,0,3.86,0.75,0,0.97,27,Male,Low,Yes
746,Business,2015,2020.0,1,2.69,0.65,1,0.79,18,Male,High,No
747,Business,2016,2021.0,1,3.93,0.58,1,0.97,26,Male,Middle,Yes
748,Arts,2015,2020.0,1,3.82,0.82,1,0.94,25,Female,Middle,Yes
749,Science,2019,,0,3.26,0.96,0,0.87,21,Other,High,No
750,Engineering,2019,2020.0,0,3.16,0.58,0,0.9,25,Female,High,Yes
751,Engineering,2015,,1,2.74,0.59,0,0.8,29,Male,Middle,Yes
752,Science,2020,2022.0,0,2.04,0.72,1,0.87,27,Male,Middle,Yes
753,Engineering,2019,2022.0,0,2.26,0.9,1,0.79,24,Female,Low,No
754,Engineering,2018,2021.0,1,3.51,0.65,1,0.82,28,Male,Low,No
755,Science,2019,2022.0,0,2.94,0.63,0,0.93,28,Female,Middle,No
756,Engineering,2015,2022.0,1,2.3,0.81,0,0.77,24,Female,Low,No
757,Business,2020,2022.0,0,2.53,0.77,0,0.95,18,Other,Middle,No
758,Arts,2017,2021.0,1,3.9,0.53,0,0.81,23,Female,Low,No
759,Science,2020,2021.0,1,2.73,0.54,0,0.86,21,Female,Middle,Yes
760,Arts,2020,2022.0,1,3.82,0.82,0,0.98,27,Female,Middle,No
761,Engineering,2020,2020.0,0,2.61,0.73,1,0.9,27,Male,Low,Yes
762,Engineering,2018,2021.0,1,3.09,0.99,0,0.89,27,Male,Low,No
763,Business,2016,,1,2.04,0.84,0,0.91,28,Male,Middle,No
764,Science,2015,2020.0,1,3.04,0.51,0,0.98,29,Male,Middle,Yes
765,Engineering,2016,2021.0,1,3.27,0.74,0,0.77,19,Male,Middle,Yes
766,Science,2017,2021.0,1,2.47,0.71,1,0.88,27,Male,High,Yes
767,Science,2016,2022.0,0,3.16,0.55,0,0.82,24,Female,Low,Yes
768,Science,2015,2020.0,1,3.29,0.96,0,0.7,26,Male,Low,Yes
769,Science,2015,2022.0,1,3.37,0.9,1,0.74,22,Male,Low,Yes
770,Science,2017,2020.0,0,3.55,0.62,0,0.8,25,Male,Middle,Yes
771,Arts,2015,2020.0,0,2.62,0.63,0,0.87,22,Female,Middle,No
772,Business,2017,2022.0,1,3.14,0.52,1,0.96,24,Male,Low,Yes
773,Science,2017,2021.0,1,3.96,0.65,1,0.94,24,Other,Middle,Yes
774,Arts,2015,,0,3.8,0.79,0,0.87,26,Female,Middle,Yes
775,Engineering,2019,2020.0,0,3.91,0.71,0,0.72,20,Female,High,No
776,Science,2017,2021.0,0,2.77,0.98,0,0.79,18,Male,Middle,Yes
777,Engineering,2015,2020.0,1,3.57,0.53,1,0.81,19,Female,Middle,Yes
778,Science,2019,2021.0,0,3.24,0.8,0,0.89,29,Female,Middle,Yes
779,Arts,2017,,1,2.17,0.93,1,0.72,23,Male,High,Yes
780,Arts,2019,,0,3.65,0.74,1,0.86,27,Male,High,Yes
781,Arts,2018,2020.0,1,3.35,0.5,1,0.97,27,Male,Middle,Yes
782,Business,2020,2021.0,1,2.4,0.62,0,0.91,29,Other,Middle,Yes
783,Engineering,2018,2022.0,0,2.16,0.66,0,0.94,26,Male,Middle,No
784,Business,2019,2020.0,0,3.67,0.98,0,0.9,20,Female,Middle,No
785,Science,2017,2020.0,1,2.16,0.96,1,0.76,27,Male,Middle,Yes
786,Engineering,2015,,0,2.18,0.97,0,0.73,19,Female,Low,No
787,Arts,2016,,0,2.85,0.91,0,0.95,28,Female,High,Yes
788,Engineering,2015,,1,2.27,0.68,0,0.91,18,Male,Middle,Yes
789,Arts,2016,2022.0,1,3.83,0.95,0,0.87,19,Male,High,Yes
790,Business,2016,2022.0,1,2.94,0.99,0,0.76,20,Male,Middle,Yes
791,Business,2017,2021.0,0,3.14,0.68,0,0.88,24,Male,Middle,Yes
792,Arts,2019,2020.0,0,3.86,0.63,0,0.71,19,Female,Middle,No
793,Arts,2015,2020.0,0,3.06,0.77,0,0.74,22,Male,Middle,No
794,Science,2019,2022.0,1,2.71,0.59,0,0.79,19,Female,Middle,Yes
795,Business,2018,2022.0,1,3.59,0.52,1,0.83,24,Male,Middle,Yes
796,Business,2017,,1,2.89,0.97,1,0.74,27,Male,High,Yes
797,Science,2017,,0,2.64,0.96,0,0.74,25,Female,Low,Yes
798,Business,2018,,1,3.45,0.58,0,0.92,25,Female,Middle,Yes
799,Arts,2015,,0,3.6,0.7,1,0.87,25,Male,Low,No
800,Engineering,2020,2020.0,0,3.58,0.92,0,0.86,27,Female,High,Yes
801,Engineering,2018,2022.0,1,3.96,0.83,0,0.84,26,Male,Low,No
802,Business,2015,2021.0,0,3.57,0.7,0,0.99,18,Female,Middle,Yes
803,Science,2016,2020.0,1,3.54,0.87,0,0.71,29,Male,Low,No
804,Arts,2017,,1,3.71,0.95,0,0.75,18,Male,Middle,No
805,Engineering,2015,,1,2.0,0.96,1,0.89,27,Female,High,No
806,Arts,2019,2020.0,1,2.72,0.69,1,0.74,19,Male,Low,No
807,Business,2019,2020.0,1,3.48,0.59,0,0.88,28,Male,Middle,Yes
808,Business,2017,2022.0,1,3.2,0.96,0,0.87,23,Male,Low,Yes
809,Engineering,2018,2022.0,0,2.36,0.55,0,0.99,18,Female,Middle,No
810,Business,2020,,1,2.61,0.86,0,0.97,22,Other,Middle,Yes
811,Science,2018,2020.0,1,2.67,0.57,0,0.98,22,Female,Middle,No
812,Business,2015,2020.0,1,3.14,0.69,0,0.73,21,Female,Middle,Yes
813,Business,2018,2020.0,1,3.66,0.71,1,0.96,28,Female,Middle,Yes
814,Business,2017,2020.0,0,3.86,0.58,0,0.74,22,Male,Low,Yes
815,Arts,2015,2020.0,0,3.5,0.96,1,0.89,29,Male,Middle,No
816,Arts,2016,,0,3.69,0.5,0,0.92,18,Other,Low,No
817,Engineering,2018,2021.0,1,2.94,0.95,0,0.75,28,Male,Middle,Yes
818,Engineering,2018,2021.0,1,2.78,0.94,0,0.89,28,Male,High,Yes
819,Engineering,2020,2020.0,1,2.79,0.66,0,0.72,23,Female,Low,No
820,Business,2015,2020.0,0,3.23,0.85,1,0.79,24,Female,Low,No
821,Arts,2019,,0,2.25,0.63,0,0.98,25,Male,Low,Yes
822,Science,2018,2022.0,1,3.16,0.88,0,0.75,19,Male,High,No
823,Business,2017,2022.0,1,3.33,0.78,0,0.72,24,Female,High,Yes
824,Business,2018,2021.0,1,2.88,0.65,0,0.83,23,Female,Middle,Yes
825,Business,2020,2021.0,1,3.91,0.7,0,0.96,26,Male,Middle,Yes
826,Science,2016,2021.0,0,3.22,0.84,0,0.72,25,Male,Low,No
827,Engineering,2020,2021.0,1,2.44,0.95,1,0.81,28,Other,Middle,No
828,Science,2018,,1,2.96,0.57,1,0.97,21,Male,Middle,No
829,Engineering,2019,2020.0,1,3.35,0.79,0,0.74,26,Female,Middle,No
830,Science,2018,2022.0,1,2.65,0.63,0,0.79,18,Male,High,Yes
831,Arts,2015,2020.0,1,2.16,0.9,0,0.93,28,Male,Middle,No
832,Business,2018,2022.0,1,3.17,0.54,0,0.86,23,Male,Low,Yes
833,Business,2019,,1,3.9,0.84,1,0.95,25,Other,Middle,No
834,Business,2015,2022.0,1,2.97,0.59,1,0.73,28,Female,Middle,Yes
835,Engineering,2017,2021.0,1,3.81,0.8,0,0.98,28,Male,High,No
836,Science,2015,,0,3.67,0.92,0,0.98,21,Female,Middle,No
837,Arts,2020,2022.0,1,2.29,0.88,1,0.75,19,Male,Middle,No
838,Science,2016,2020.0,1,3.42,0.88,1,0.71,28,Female,Middle,No
839,Business,2020,2020.0,0,2.87,0.76,0,1.0,19,Male,Middle,Yes
840,Arts,2015,2022.0,1,2.5,0.95,0,0.84,27,Female,Middle,No
841,Arts,2017,2022.0,0,3.37,0.79,0,0.87,18,Male,High,Yes
842,Business,2018,2021.0,0,3.49,0.96,1,0.88,22,Female,Middle,No
843,Science,2015,2021.0,0,2.36,0.77,0,0.94,23,Female,Low,No
844,Business,2020,,1,3.83,0.75,1,0.94,21,Male,High,Yes
845,Science,2015,2020.0,1,3.5,0.61,0,0.76,21,Male,Low,No
846,Arts,2015,2021.0,1,3.87,0.77,0,0.77,22,Male,Low,Yes
847,Arts,2015,2020.0,1,2.63,0.57,0,0.96,22,Female,Middle,No
848,Business,2017,,1,3.88,0.93,1,0.95,26,Male,Low,No
849,Arts,2019,2020.0,0,2.74,0.84,0,0.89,25,Female,High,Yes
850,Engineering,2019,2022.0,0,2.11,1.0,1,1.0,26,Other,Middle,Yes
851,Arts,2015,2020.0,1,3.53,0.55,0,0.92,20,Male,Middle,Yes
852,Engineering,2017,2022.0,1,3.41,0.62,1,0.76,20,Male,Low,No
853,Arts,2017,,1,3.2,0.94,1,0.95,18,Female,Low,No
854,Business,2015,2021.0,1,2.98,0.7,0,0.82,27,Female,Middle,Yes
855,Business,2020,2021.0,1,2.06,0.73,1,0.71,23,Other,Middle,No
856,Engineering,2020,2021.0,0,3.25,0.93,0,0.8,21,Male,Middle,Yes
857,Business,2016,2021.0,1,2.83,0.76,0,0.93,28,Male,Low,Yes
858,Arts,2015,,1,3.12,0.6,0,0.99,25,Female,Middle,Yes
859,Arts,2016,2020.0,1,2.86,0.95,1,0.78,19,Female,Low,Yes
860,Business,2020,2022.0,0,3.93,0.52,1,0.77,28,Female,Middle,Yes
861,Arts,2020,2020.0,1,3.21,0.95,0,0.87,19,Male,Middle,Yes
862,Science,2015,2020.0,1,3.5,0.53,1,0.94,24,Male,Low,Yes
863,Science,2016,2021.0,0,3.87,0.83,0,0.92,22,Male,Middle,No
864,Arts,2016,2021.0,1,3.18,0.54,1,0.87,18,Other,Low,Yes
865,Business,2015,2021.0,0,2.02,0.85,0,0.89,24,Male,Middle,Yes
866,Engineering,2016,2022.0,1,2.07,0.52,0,0.77,24,Female,Middle,Yes
867,Business,2018,2020.0,1,3.4,0.92,0,0.83,27,Female,Low,Yes
868,Engineering,2020,2020.0,1,2.56,0.73,0,0.78,23,Male,High,Yes
869,Business,2019,2022.0,0,3.16,0.55,0,0.97,21,Male,Middle,Yes
870,Arts,2017,,0,2.4,0.85,0,0.73,29,Female,High,No
871,Science,2016,2020.0,0,2.54,0.74,0,0.9,25,Male,Low,No
872,Business,2016,2022.0,0,3.01,0.6,1,0.78,29,Male,High,Yes
873,Engineering,2017,2021.0,0,3.95,0.51,0,0.84,28,Male,Low,Yes
874,Science,2016,2022.0,1,3.23,0.71,1,0.79,19,Female,Middle,Yes
875,Engineering,2017,,0,3.87,0.54,0,0.8,19,Other,High,Yes
876,Arts,2015,,1,3.92,0.55,0,0.78,19,Female,Low,No
877,Science,2018,2022.0,0,2.42,0.63,0,0.93,20,Female,Low,No
878,Engineering,2018,2020.0,1,2.62,0.82,1,0.81,23,Female,Middle,No
879,Business,2020,,1,3.54,0.76,1,0.92,18,Female,Middle,Yes
880,Arts,2019,2021.0,1,3.73,0.53,0,0.84,28,Other,Middle,No
881,Arts,2016,2020.0,1,3.04,0.98,0,0.86,19,Male,Low,Yes
882,Arts,2019,2021.0,0,3.99,0.94,0,0.86,27,Male,Middle,Yes
883,Business,2015,,1,2.02,0.63,0,0.99,19,Other,Low,Yes
884,Business,2018,,1,2.6,0.56,1,0.81,29,Female,High,No
885,Science,2015,2020.0,1,3.25,0.97,0,0.76,18,Male,Middle,No
886,Business,2015,2022.0,1,2.94,0.73,0,0.97,20,Other,Middle,Yes
887,Science,2016,,1,2.23,0.66,1,0.75,27,Male,Low,Yes
888,Arts,2015,2020.0,1,2.74,0.75,1,0.95,24,Male,High,No
889,Science,2018,2021.0,1,2.05,0.89,0,0.75,18,Female,Middle,No
890,Engineering,2019,2022.0,1,3.29,0.58,0,0.9,24,Male,High,Yes
891,Arts,2018,2021.0,1,3.79,0.88,0,0.75,22,Female,Low,No
892,Arts,2016,2020.0,0,3.77,0.87,0,0.98,26,Male,Middle,Yes
893,Science,2018,2022.0,0,3.4,0.77,0,0.87,19,Male,Middle,No
894,Arts,2017,,1,2.93,0.93,1,0.8,18,Female,Low,Yes
895,Business,2019,2022.0,1,3.02,0.57,1,0.74,26,Female,Middle,Yes
896,Engineering,2017,2022.0,0,2.27,0.8,0,0.81,25,Male,Low,No
897,Science,2017,2021.0,0,2.68,0.72,0,0.91,27,Other,Middle,No
898,Science,2020,2020.0,1,2.38,0.71,0,0.82,23,Female,Middle,Yes
899,Arts,2016,2022.0,1,3.64,0.63,0,0.77,22,Male,Middle,Yes
900,Business,2015,2021.0,0,3.83,0.69,0,0.87,25,Male,Middle,Yes
901,Arts,2017,,1,3.07,0.55,0,0.83,25,Female,Middle,Yes
902,Arts,2018,2020.0,1,3.46,0.63,0,0.75,22,Female,Low,No
903,Science,2015,2021.0,1,2.24,0.64,0,0.75,29,Male,Middle,Yes
904,Arts,2018,2021.0,1,3.22,0.86,0,0.91,24,Male,High,No
905,Engineering,2018,,1,3.41,0.52,0,0.99,18,Male,Middle,Yes
906,Arts,2015,2020.0,0,2.91,0.83,0,0.77,21,Male,Low,No
907,Arts,2015,2020.0,1,2.49,0.61,0,0.93,19,Female,Middle,Yes
908,Science,2018,2020.0,0,3.75,0.54,0,0.73,27,Other,Middle,Yes
909,Arts,2016,,1,3.49,0.65,0,0.81,20,Male,Middle,Yes
910,Business,2019,2020.0,0,3.8,0.61,0,0.85,29,Female,Middle,No
911,Science,2020,2020.0,1,3.64,0.78,1,0.78,18,Other,Low,Yes
912,Arts,2019,2020.0,0,3.98,0.68,0,0.86,28,Other,High,Yes
913,Engineering,2016,2022.0,1,2.38,0.98,0,0.96,28,Other,Middle,No
914,Engineering,2020,2020.0,0,2.17,0.98,0,0.98,19,Female,Low,No
915,Science,2015,2021.0,1,2.67,0.72,0,0.73,18,Female,Low,No
916,Science,2020,2020.0,1,2.26,0.9,1,0.78,25,Male,Middle,Yes
917,Arts,2018,2021.0,1,3.05,0.51,1,0.99,21,Female,Middle,Yes
918,Business,2019,2022.0,1,3.27,0.77,0,0.78,20,Female,Middle,No
919,Arts,2020,2021.0,0,3.16,0.87,0,0.91,18,Male,High,Yes
920,Engineering,2018,,1,2.52,0.61,0,0.78,19,Male,Low,Yes
921,Business,2016,,1,3.82,0.53,0,0.81,20,Male,High,Yes
922,Business,2020,2021.0,1,2.04,0.58,0,0.76,20,Female,Middle,No
923,Business,2018,2022.0,1,2.7,0.72,0,0.96,23,Female,Middle,Yes
924,Arts,2016,2022.0,1,3.44,0.75,0,0.96,27,Female,High,No
925,Engineering,2015,,1,3.53,0.69,0,0.79,25,Male,Middle,Yes
926,Science,2016,2021.0,1,2.83,0.72,1,0.95,23,Female,Middle,No
927,Arts,2016,2021.0,1,2.03,0.74,0,0.81,19,Male,High,No
928,Science,2019,2021.0,1,3.24,0.88,0,0.73,19,Female,Middle,Yes
929,Business,2018,,1,2.13,0.55,0,0.93,24,Male,Middle,Yes
930,Business,2020,2020.0,0,2.22,0.88,0,0.88,18,Other,High,No
931,Arts,2019,2020.0,0,3.3,0.84,1,0.78,18,Female,Middle,Yes
932,Engineering,2017,2021.0,0,2.62,0.87,0,0.78,24,Female,Middle,No
933,Business,2016,2020.0,0,2.7,0.87,1,0.99,26,Female,Middle,No
934,Science,2017,2021.0,1,2.97,0.74,0,0.96,22,Female,Middle,Yes
935,Science,2019,2020.0,1,3.96,0.61,1,0.94,28,Male,Low,Yes
936,Arts,2018,2021.0,0,3.93,0.77,1,0.74,18,Female,Middle,Yes
937,Science,2019,,1,2.83,0.98,0,0.93,22,Other,Low,No
938,Engineering,2018,2021.0,1,2.53,0.79,0,0.76,28,Male,Middle,Yes
939,Business,2018,2022.0,1,2.61,0.51,1,0.99,18,Female,High,No
940,Science,2015,2020.0,1,2.54,0.53,0,0.72,27,Other,Middle,No
941,Science,2016,2020.0,1,3.06,1.0,0,0.81,29,Female,Low,Yes
942,Business,2019,,1,3.21,0.54,0,0.83,26,Female,Low,Yes
943,Arts,2018,2022.0,0,2.98,0.52,0,0.95,21,Female,Middle,Yes
944,Science,2019,2021.0,0,2.82,0.68,0,0.93,26,Other,High,No
945,Arts,2019,,0,2.42,0.98,0,0.81,19,Other,Middle,Yes
946,Arts,2018,,0,2.97,0.66,0,0.87,24,Other,Low,Yes
947,Science,2020,,1,2.68,0.7,0,0.95,29,Female,Middle,No
948,Engineering,2017,2021.0,1,3.08,0.82,1,0.71,19,Male,Middle,Yes
949,Arts,2016,2020.0,1,3.35,0.51,0,0.94,29,Male,Middle,Yes
950,Science,2016,2022.0,1,3.27,0.95,1,0.98,21,Male,Middle,Yes
951,Arts,2020,2022.0,0,2.92,0.76,1,0.71,23,Other,Middle,No
952,Business,2015,2020.0,1,3.11,0.73,1,0.71,19,Female,Middle,Yes
953,Engineering,2020,2022.0,1,2.57,0.93,1,0.8,19,Female,Middle,Yes
954,Engineering,2015,2020.0,0,2.05,0.98,1,0.73,19,Female,Low,No
955,Business,2015,2021.0,0,3.25,0.71,1,0.84,20,Male,High,Yes
956,Business,2020,2021.0,1,2.51,0.59,0,0.92,22,Female,Middle,No
957,Arts,2016,2022.0,1,3.34,0.91,0,0.87,26,Female,Low,Yes
958,Business,2017,2021.0,1,3.49,0.7,1,0.76,23,Male,High,Yes
959,Engineering,2016,,1,3.83,0.97,0,0.9,29,Male,Middle,Yes
960,Business,2016,2021.0,1,3.92,0.97,1,0.91,26,Female,Low,Yes
961,Science,2016,2022.0,0,2.02,0.56,1,0.98,27,Male,Middle,Yes
962,Science,2020,,0,3.98,0.98,0,0.74,22,Other,High,Yes
963,Arts,2020,2022.0,1,3.37,0.68,1,0.91,28,Male,Middle,Yes
964,Engineering,2020,,1,3.29,0.82,0,0.97,23,Other,Low,Yes
965,Science,2016,2020.0,1,2.03,0.52,0,0.85,27,Male,Middle,Yes
966,Business,2017,2021.0,1,3.72,0.94,0,0.81,29,Male,Middle,Yes
967,Science,2015,2020.0,1,2.29,0.82,0,0.75,25,Female,High,Yes
968,Science,2019,2020.0,1,3.67,0.82,0,0.96,20,Female,Low,No
969,Arts,2015,,1,2.03,0.95,0,0.82,19,Female,Middle,Yes
970,Business,2015,2020.0,1,3.29,0.75,0,0.98,20,Male,Low,Yes
971,Business,2019,2021.0,0,2.87,0.71,1,0.95,26,Male,Middle,No
972,Business,2016,2021.0,1,2.4,0.93,0,0.81,23,Female,High,Yes
973,Arts,2017,2021.0,1,2.22,0.87,0,0.87,27,Male,Low,Yes
974,Business,2017,2021.0,1,2.88,0.97,0,0.71,29,Male,Middle,Yes
975,Business,2015,2022.0,0,2.25,0.97,1,0.78,21,Female,Middle,No
976,Science,2019,2020.0,1,2.97,0.69,1,0.91,27,Male,Middle,Yes
977,Science,2018,2021.0,1,3.25,0.72,0,0.9,20,Male,Middle,No
978,Business,2016,2022.0,1,3.65,0.63,0,0.81,19,Male,Middle,No
979,Engineering,2015,2022.0,1,3.36,0.83,1,0.94,21,Other,High,Yes
980,Engineering,2017,2021.0,0,2.13,0.68,0,0.77,26,Male,Middle,No
981,Business,2020,,1,2.61,0.89,0,0.84,21,Other,Middle,Yes
982,Engineering,2020,2021.0,1,2.58,0.56,0,0.84,29,Male,Middle,Yes
983,Arts,2019,2021.0,1,3.83,0.56,0,0.8,22,Female,High,Yes
984,Science,2019,2020.0,0,3.74,0.6,1,0.99,25,Male,Low,No
985,Arts,2015,2021.0,0,2.74,0.54,0,0.91,19,Female,Low,Yes
986,Science,2018,2022.0,1,2.14,0.81,0,0.86,29,Female,Middle,Yes
987,Engineering,2017,2020.0,1,3.79,0.57,0,0.85,28,Female,Middle,No
988,Engineering,2015,2021.0,1,3.78,0.58,1,0.75,20,Female,High,No
989,Business,2018,2022.0,0,3.71,0.51,1,0.81,23,Female,Low,No
990,Engineering,2019,2021.0,1,3.69,0.89,1,0.9,29,Male,High,Yes
991,Engineering,2020,2020.0,1,2.96,0.91,0,0.98,24,Female,High,Yes
992,Business,2016,2022.0,0,2.35,0.58,0,0.94,21,Female,Middle,Yes
993,Business,2020,2020.0,1,2.95,0.87,1,0.79,18,Female,Middle,No
994,Science,2017,,1,2.99,0.72,0,0.83,24,Male,Low,Yes
995,Engineering,2017,2020.0,1,2.98,0.62,1,0.72,29,Other,Low,No
996,Science,2020,2022.0,0,3.08,0.81,0,0.73,26,Female,High,Yes
997,Science,2020,2021.0,1,2.52,0.59,0,0.84,18,Female,Middle,No
998,Arts,2018,,0,2.73,0.88,0,0.86,18,Male,Low,No
999,Engineering,2015,2020.0,0,2.87,0.52,1,0.78,18,Male,Middle,No
1000,Engineering,2019,2022.0,0,2.26,0.98,1,0.89,27,Female,High,Yes
